[{"model": "contenttypes.contenttype", "pk": 1, "fields": {"app_label": "admin", "model": "logentry"}}, {"model": "contenttypes.contenttype", "pk": 2, "fields": {"app_label": "auth", "model": "permission"}}, {"model": "contenttypes.contenttype", "pk": 3, "fields": {"app_label": "auth", "model": "group"}}, {"model": "contenttypes.contenttype", "pk": 4, "fields": {"app_label": "auth", "model": "user"}}, {"model": "contenttypes.contenttype", "pk": 5, "fields": {"app_label": "contenttypes", "model": "contenttype"}}, {"model": "contenttypes.contenttype", "pk": 6, "fields": {"app_label": "sessions", "model": "session"}}, {"model": "contenttypes.contenttype", "pk": 7, "fields": {"app_label": "blog", "model": "blog"}}, {"model": "contenttypes.contenttype", "pk": 8, "fields": {"app_label": "blog", "model": "blogtype"}}, {"model": "contenttypes.contenttype", "pk": 9, "fields": {"app_label": "blog", "model": "readnum"}}, {"model": "contenttypes.contenttype", "pk": 10, "fields": {"app_label": "read_account", "model": "readnum"}}, {"model": "contenttypes.contenttype", "pk": 11, "fields": {"app_label": "read_account", "model": "readdetail"}}, {"model": "contenttypes.contenttype", "pk": 12, "fields": {"app_label": "comment", "model": "comment"}}, {"model": "contenttypes.contenttype", "pk": 13, "fields": {"app_label": "user", "model": "profile"}}, {"model": "sessions.session", "pk": "0zuva2we7r2gqb1lu6ey0nfdd7hxjd85", "fields": {"session_data": "YjM2NWI0NjVhZjkzMmYxM2Y2NmNiYjBiM2I5NTBkMGQ5MzRiNDdhYzp7Il9hdXRoX3VzZXJfaWQiOiIxIiwiX2F1dGhfdXNlcl9iYWNrZW5kIjoiZGphbmdvLmNvbnRyaWIuYXV0aC5iYWNrZW5kcy5Nb2RlbEJhY2tlbmQiLCJfYXV0aF91c2VyX2hhc2giOiI4YWJlMjE0YjQ2MmYyNzkyNzllOTk1Mzk3NDNhNzZlNzExZmQyMDdkIn0=", "expire_date": "2020-11-03T12:01:22.791Z"}}, {"model": "sessions.session", "pk": "35ixet6jzuyow05s0nlonz97o564me11", "fields": {"session_data": "ZjY0NWZhM2E4NTAyYzcwNWNlZDkwYjZkYTM2NjUyNGNjMDk2NGIxMjp7Il9hdXRoX3VzZXJfaWQiOiIxIiwiX2F1dGhfdXNlcl9iYWNrZW5kIjoiZGphbmdvLmNvbnRyaWIuYXV0aC5iYWNrZW5kcy5Nb2RlbEJhY2tlbmQiLCJfYXV0aF91c2VyX2hhc2giOiI2M2U4YjUzYzllNzM1OGUxNjYxMDZjOWI4YjhiM2RiYmFkMDFjMmY3In0=", "expire_date": "2020-10-31T01:08:32.317Z"}}, {"model": "sessions.session", "pk": "pofse6zmvttnbrktczwfl9uo9wv1jhz1", "fields": {"session_data": "OGUwNzI5NzRiN2Y1NjFmYzkyMGUzOGI0ZjliN2JkNjNiNWFhYTFlNTp7Il9hdXRoX3VzZXJfaWQiOiIxIiwiX2F1dGhfdXNlcl9iYWNrZW5kIjoiZGphbmdvLmNvbnRyaWIuYXV0aC5iYWNrZW5kcy5Nb2RlbEJhY2tlbmQiLCJfYXV0aF91c2VyX2hhc2giOiJmYjIyYzk1OTA2MjM2YTViM2U5ZjI1MTBiNTc0MDc3Yzg1NDZhMGFiIn0=", "expire_date": "2020-11-08T00:10:09.917Z"}}, {"model": "sessions.session", "pk": "qreultk7o2gikoe3k3ez09mqdwh3o476", "fields": {"session_data": "YjM2NWI0NjVhZjkzMmYxM2Y2NmNiYjBiM2I5NTBkMGQ5MzRiNDdhYzp7Il9hdXRoX3VzZXJfaWQiOiIxIiwiX2F1dGhfdXNlcl9iYWNrZW5kIjoiZGphbmdvLmNvbnRyaWIuYXV0aC5iYWNrZW5kcy5Nb2RlbEJhY2tlbmQiLCJfYXV0aF91c2VyX2hhc2giOiI4YWJlMjE0YjQ2MmYyNzkyNzllOTk1Mzk3NDNhNzZlNzExZmQyMDdkIn0=", "expire_date": "2020-10-31T07:46:49.692Z"}}, {"model": "sessions.session", "pk": "r1u5ewk35rkzpybwn6bs0rj819ttbeml", "fields": {"session_data": "YjM2NWI0NjVhZjkzMmYxM2Y2NmNiYjBiM2I5NTBkMGQ5MzRiNDdhYzp7Il9hdXRoX3VzZXJfaWQiOiIxIiwiX2F1dGhfdXNlcl9iYWNrZW5kIjoiZGphbmdvLmNvbnRyaWIuYXV0aC5iYWNrZW5kcy5Nb2RlbEJhY2tlbmQiLCJfYXV0aF91c2VyX2hhc2giOiI4YWJlMjE0YjQ2MmYyNzkyNzllOTk1Mzk3NDNhNzZlNzExZmQyMDdkIn0=", "expire_date": "2020-11-05T16:43:39.041Z"}}, {"model": "blog.blogtype", "pk": 1, "fields": {"type_name": "Django"}}, {"model": "blog.blogtype", "pk": 2, "fields": {"type_name": "Java"}}, {"model": "blog.blogtype", "pk": 3, "fields": {"type_name": "Python"}}, {"model": "read_account.readnum", "pk": 1, "fields": {"read_num": 101, "content_type": 7, "object_id": 1}}, {"model": "read_account.readnum", "pk": 2, "fields": {"read_num": 33, "content_type": 7, "object_id": 2}}, {"model": "read_account.readnum", "pk": 3, "fields": {"read_num": 3, "content_type": 7, "object_id": 3}}, {"model": "read_account.readnum", "pk": 4, "fields": {"read_num": 2, "content_type": 7, "object_id": 4}}, {"model": "read_account.readnum", "pk": 5, "fields": {"read_num": 1, "content_type": 7, "object_id": 5}}, {"model": "read_account.readnum", "pk": 6, "fields": {"read_num": 1, "content_type": 7, "object_id": 37}}, {"model": "read_account.readnum", "pk": 7, "fields": {"read_num": 5, "content_type": 7, "object_id": 7}}, {"model": "read_account.readnum", "pk": 8, "fields": {"read_num": 2, "content_type": 7, "object_id": 6}}, {"model": "read_account.readdetail", "pk": 1, "fields": {"date": "2020-10-19", "read_num": 2, "content_type": 7, "object_id": 1}}, {"model": "read_account.readdetail", "pk": 2, "fields": {"date": "2020-10-19", "read_num": 1, "content_type": 7, "object_id": 2}}, {"model": "read_account.readdetail", "pk": 3, "fields": {"date": "2020-10-20", "read_num": 21, "content_type": 7, "object_id": 1}}, {"model": "read_account.readdetail", "pk": 4, "fields": {"date": "2020-10-21", "read_num": 23, "content_type": 7, "object_id": 1}}, {"model": "read_account.readdetail", "pk": 5, "fields": {"date": "2020-10-21", "read_num": 2, "content_type": 7, "object_id": 2}}, {"model": "read_account.readdetail", "pk": 6, "fields": {"date": "2020-10-21", "read_num": 1, "content_type": 7, "object_id": 7}}, {"model": "read_account.readdetail", "pk": 7, "fields": {"date": "2020-10-22", "read_num": 7, "content_type": 7, "object_id": 2}}, {"model": "read_account.readdetail", "pk": 8, "fields": {"date": "2020-10-22", "read_num": 10, "content_type": 7, "object_id": 1}}, {"model": "read_account.readdetail", "pk": 9, "fields": {"date": "2020-10-22", "read_num": 2, "content_type": 7, "object_id": 7}}, {"model": "read_account.readdetail", "pk": 10, "fields": {"date": "2020-10-23", "read_num": 8, "content_type": 7, "object_id": 1}}, {"model": "read_account.readdetail", "pk": 11, "fields": {"date": "2020-10-23", "read_num": 16, "content_type": 7, "object_id": 2}}, {"model": "read_account.readdetail", "pk": 12, "fields": {"date": "2020-10-24", "read_num": 2, "content_type": 7, "object_id": 6}}, {"model": "read_account.readdetail", "pk": 13, "fields": {"date": "2020-10-24", "read_num": 18, "content_type": 7, "object_id": 1}}, {"model": "read_account.readdetail", "pk": 14, "fields": {"date": "2020-10-24", "read_num": 4, "content_type": 7, "object_id": 2}}, {"model": "read_account.readdetail", "pk": 15, "fields": {"date": "2020-10-24", "read_num": 1, "content_type": 7, "object_id": 3}}, {"model": "read_account.readdetail", "pk": 16, "fields": {"date": "2020-10-25", "read_num": 2, "content_type": 7, "object_id": 7}}, {"model": "read_account.readdetail", "pk": 17, "fields": {"date": "2020-10-25", "read_num": 1, "content_type": 7, "object_id": 2}}, {"model": "read_account.readdetail", "pk": 18, "fields": {"date": "2020-10-25", "read_num": 1, "content_type": 7, "object_id": 3}}, {"model": "read_account.readdetail", "pk": 19, "fields": {"date": "2020-10-25", "read_num": 1, "content_type": 7, "object_id": 4}}, {"model": "auth.permission", "pk": 1, "fields": {"name": "Can add log entry", "content_type": 1, "codename": "add_logentry"}}, {"model": "auth.permission", "pk": 2, "fields": {"name": "Can change log entry", "content_type": 1, "codename": "change_logentry"}}, {"model": "auth.permission", "pk": 3, "fields": {"name": "Can delete log entry", "content_type": 1, "codename": "delete_logentry"}}, {"model": "auth.permission", "pk": 4, "fields": {"name": "Can add permission", "content_type": 2, "codename": "add_permission"}}, {"model": "auth.permission", "pk": 5, "fields": {"name": "Can change permission", "content_type": 2, "codename": "change_permission"}}, {"model": "auth.permission", "pk": 6, "fields": {"name": "Can delete permission", "content_type": 2, "codename": "delete_permission"}}, {"model": "auth.permission", "pk": 7, "fields": {"name": "Can add group", "content_type": 3, "codename": "add_group"}}, {"model": "auth.permission", "pk": 8, "fields": {"name": "Can change group", "content_type": 3, "codename": "change_group"}}, {"model": "auth.permission", "pk": 9, "fields": {"name": "Can delete group", "content_type": 3, "codename": "delete_group"}}, {"model": "auth.permission", "pk": 10, "fields": {"name": "Can add user", "content_type": 4, "codename": "add_user"}}, {"model": "auth.permission", "pk": 11, "fields": {"name": "Can change user", "content_type": 4, "codename": "change_user"}}, {"model": "auth.permission", "pk": 12, "fields": {"name": "Can delete user", "content_type": 4, "codename": "delete_user"}}, {"model": "auth.permission", "pk": 13, "fields": {"name": "Can add content type", "content_type": 5, "codename": "add_contenttype"}}, {"model": "auth.permission", "pk": 14, "fields": {"name": "Can change content type", "content_type": 5, "codename": "change_contenttype"}}, {"model": "auth.permission", "pk": 15, "fields": {"name": "Can delete content type", "content_type": 5, "codename": "delete_contenttype"}}, {"model": "auth.permission", "pk": 16, "fields": {"name": "Can add session", "content_type": 6, "codename": "add_session"}}, {"model": "auth.permission", "pk": 17, "fields": {"name": "Can change session", "content_type": 6, "codename": "change_session"}}, {"model": "auth.permission", "pk": 18, "fields": {"name": "Can delete session", "content_type": 6, "codename": "delete_session"}}, {"model": "auth.permission", "pk": 19, "fields": {"name": "Can add blog", "content_type": 7, "codename": "add_blog"}}, {"model": "auth.permission", "pk": 20, "fields": {"name": "Can change blog", "content_type": 7, "codename": "change_blog"}}, {"model": "auth.permission", "pk": 21, "fields": {"name": "Can delete blog", "content_type": 7, "codename": "delete_blog"}}, {"model": "auth.permission", "pk": 22, "fields": {"name": "Can add blog type", "content_type": 8, "codename": "add_blogtype"}}, {"model": "auth.permission", "pk": 23, "fields": {"name": "Can change blog type", "content_type": 8, "codename": "change_blogtype"}}, {"model": "auth.permission", "pk": 24, "fields": {"name": "Can delete blog type", "content_type": 8, "codename": "delete_blogtype"}}, {"model": "auth.permission", "pk": 25, "fields": {"name": "Can view log entry", "content_type": 1, "codename": "view_logentry"}}, {"model": "auth.permission", "pk": 26, "fields": {"name": "Can view permission", "content_type": 2, "codename": "view_permission"}}, {"model": "auth.permission", "pk": 27, "fields": {"name": "Can view group", "content_type": 3, "codename": "view_group"}}, {"model": "auth.permission", "pk": 28, "fields": {"name": "Can view user", "content_type": 4, "codename": "view_user"}}, {"model": "auth.permission", "pk": 29, "fields": {"name": "Can view content type", "content_type": 5, "codename": "view_contenttype"}}, {"model": "auth.permission", "pk": 30, "fields": {"name": "Can view session", "content_type": 6, "codename": "view_session"}}, {"model": "auth.permission", "pk": 31, "fields": {"name": "Can view blog", "content_type": 7, "codename": "view_blog"}}, {"model": "auth.permission", "pk": 32, "fields": {"name": "Can view blog type", "content_type": 8, "codename": "view_blogtype"}}, {"model": "auth.permission", "pk": 33, "fields": {"name": "Can add read num", "content_type": 9, "codename": "add_readnum"}}, {"model": "auth.permission", "pk": 34, "fields": {"name": "Can change read num", "content_type": 9, "codename": "change_readnum"}}, {"model": "auth.permission", "pk": 35, "fields": {"name": "Can delete read num", "content_type": 9, "codename": "delete_readnum"}}, {"model": "auth.permission", "pk": 36, "fields": {"name": "Can view read num", "content_type": 9, "codename": "view_readnum"}}, {"model": "auth.permission", "pk": 37, "fields": {"name": "Can add read num", "content_type": 10, "codename": "add_readnum"}}, {"model": "auth.permission", "pk": 38, "fields": {"name": "Can change read num", "content_type": 10, "codename": "change_readnum"}}, {"model": "auth.permission", "pk": 39, "fields": {"name": "Can delete read num", "content_type": 10, "codename": "delete_readnum"}}, {"model": "auth.permission", "pk": 40, "fields": {"name": "Can view read num", "content_type": 10, "codename": "view_readnum"}}, {"model": "auth.permission", "pk": 41, "fields": {"name": "Can add read detail", "content_type": 11, "codename": "add_readdetail"}}, {"model": "auth.permission", "pk": 42, "fields": {"name": "Can change read detail", "content_type": 11, "codename": "change_readdetail"}}, {"model": "auth.permission", "pk": 43, "fields": {"name": "Can delete read detail", "content_type": 11, "codename": "delete_readdetail"}}, {"model": "auth.permission", "pk": 44, "fields": {"name": "Can view read detail", "content_type": 11, "codename": "view_readdetail"}}, {"model": "auth.permission", "pk": 45, "fields": {"name": "Can add comment", "content_type": 12, "codename": "add_comment"}}, {"model": "auth.permission", "pk": 46, "fields": {"name": "Can change comment", "content_type": 12, "codename": "change_comment"}}, {"model": "auth.permission", "pk": 47, "fields": {"name": "Can delete comment", "content_type": 12, "codename": "delete_comment"}}, {"model": "auth.permission", "pk": 48, "fields": {"name": "Can view comment", "content_type": 12, "codename": "view_comment"}}, {"model": "auth.permission", "pk": 49, "fields": {"name": "Can add profile", "content_type": 13, "codename": "add_profile"}}, {"model": "auth.permission", "pk": 50, "fields": {"name": "Can change profile", "content_type": 13, "codename": "change_profile"}}, {"model": "auth.permission", "pk": 51, "fields": {"name": "Can delete profile", "content_type": 13, "codename": "delete_profile"}}, {"model": "auth.permission", "pk": 52, "fields": {"name": "Can view profile", "content_type": 13, "codename": "view_profile"}}, {"model": "auth.user", "pk": 1, "fields": {"password": "pbkdf2_sha256$120000$wXi9sObHV395$UH6yuFrcT0p0PTsPh/Yp7YmRU6DL+og2iE+yvkgd9sI=", "last_login": "2020-10-25T00:10:09.828Z", "is_superuser": true, "username": "wenjian", "first_name": "", "last_name": "", "email": "1305133324@qq.com", "is_staff": true, "is_active": true, "date_joined": "2020-10-17T00:58:09.497Z", "groups": [], "user_permissions": []}}, {"model": "auth.user", "pk": 2, "fields": {"password": "pbkdf2_sha256$120000$fEuesUX24Ate$/q4ENsWtGQLbijEWnLsbFPHwfgK7a8TRSM7oTZkwRuY=", "last_login": "2020-10-24T07:38:51.138Z", "is_superuser": false, "username": "wuyue", "first_name": "", "last_name": "", "email": "17865162805@163.com", "is_staff": false, "is_active": true, "date_joined": "2020-10-24T06:53:00Z", "groups": [], "user_permissions": []}}, {"model": "blog.blog", "pk": 1, "fields": {"title": "Dj\u5b66\u4e60\u65e5\u5fd7", "blog_type": 1, "content": "<h2>1.\u6d4b\u8bd5</h2>\r\n\r\n<p>Writing your first Django app, part 1Let&rsquo;s learn by example. Throughout this tutorial, we&rsquo;ll walk you through the creation of a basic poll application. It&rsquo;ll consist of two parts: A public site that lets people view polls an<span style=\"color:#27ae60\">d vote in them. An admi</span>n site that lets you add, change, and delete polls. We&rsquo;ll as<span style=\"background-color:#e74c3c\">sume you have Django installed al</span>ready. You can tell Django is installed and which version by running the following command in a shell prompt (indicated by the $ prefix):3ww</p>\r\n\r\n<p><img alt=\"\" src=\"/media/upload/2020/10/23/_20201007225023.jpg\" style=\"float:right; height:200px; width:200px\" /></p>", "author": 1, "created_time": "2020-10-17T07:48:08.957Z", "last_updated_time": "2020-10-25T06:41:16.633Z"}}, {"model": "blog.blog", "pk": 2, "fields": {"title": "2.\u751f\u6d3b\u7b14\u8bb0", "blog_type": 2, "content": "\u4eca\u5929\u4e0d\u5f97\u6323\u94b1\u554a\u94b1\u94b1\u94b1\u4eca\u5929\u4e0d\u5f97\u6323\u94b1\u554a\u94b1\u94b1\u94b1\u4eca\u5929\u4e0d\u5f97\u6323\u94b1\u554a\u94b1\u94b1\u94b1\u4eca\u5929\u4e0d\u5f97\u6323\u94b1\u554a\u94b1\u94b1\u94b1\u4eca\u5929\u4e0d\u5f97\u6323\u94b1\u554a\u94b1\u94b1\u94b1\u4eca\u5929\u4e0d\u5f97\u6323\u94b1\u554a\u94b1\u94b1\u94b1\u4eca\u5929\u4e0d\u5f97\u6323\u94b1\u554a\u94b1\u94b1\u94b1\u4eca\u5929\u4e0d\u5f97\u6323\u94b1\u554a\u94b1\u94b1\u94b1\u4eca\u5929\u4e0d\u5f97\u6323\u94b1\u554a\u94b1\u94b1\u94b1\u4eca\u5929\u4e0d\u5f97\u6323\u94b1\u554a\u94b1\u94b1\u94b1\u4eca\u5929\u4e0d\u5f97\u6323\u94b1\u554a\u94b1\u94b1\u94b1\u4eca\u5929\u4e0d\u5f97\u6323\u94b1\u554a\u94b1\u94b1\u94b1\u4eca\u5929\u4e0d\u5f97\u6323\u94b1\u554a\u94b1\u94b1\u94b1\u4eca\u5929\u4e0d\u5f97\u6323\u94b1\u554a\u94b1\u94b1\u94b1\u4eca\u5929\u4e0d\u5f97\u6323\u94b1\u554a\u94b1\u94b1\u94b1\u4eca\u5929\u4e0d\u5f97\u6323\u94b1\u554a\u94b1\u94b1\u94b1", "author": 1, "created_time": "2020-10-17T12:49:03.213Z", "last_updated_time": "2020-10-19T12:24:46.773Z"}}, {"model": "blog.blog", "pk": 3, "fields": {"title": "3.\u5de5\u4f5c\u65e5\u5fd7", "blog_type": 3, "content": "\u5de5\u4f5c\u5de5\u4f5c\u5de5\u4f5c\u5de5\u4f5c\u5de5\u4f5c\u5de5\u4f5c\u5de5\u4f5c\u5de5\u4f5c\u5de5\u4f5c\u5de5\u4f5c\u5de5\u4f5c\u5de5\u4f5c\u5de5\u4f5c\u5de5\u4f5c\u5de5\u4f5c\u5de5\u4f5c\u5de5\u4f5c\u5de5\u4f5c\u5de5\u4f5c\u5de5\u4f5c\u5de5\u4f5c\u5de5\u4f5c\u5de5\u4f5c\u5de5\u4f5c\u5de5\u4f5c\u5de5\u4f5c\u5de5\u4f5c\u5de5\u4f5c\u5de5\u4f5c\u5de5\u4f5c\u5de5\u4f5c\u5de5\u4f5c\u5de5\u4f5c\u5de5\u4f5c\u5de5\u4f5c\u5de5\u4f5c\u5de5\u4f5c\u5de5\u4f5c\u5de5\u4f5c\u5de5\u4f5c\u5de5\u4f5c\u5de5\u4f5c\u5de5\u4f5c\u5de5\u4f5c\u5de5\u4f5c\u5de5\u4f5c\u5de5\u4f5c\u5de5\u4f5c\u5de5\u4f5c\u5de5\u4f5c\u5de5\u4f5c\u5de5\u4f5c\u5de5\u4f5c\u5de5\u4f5c\u5de5\u4f5c\u5de5\u4f5c\u5de5\u4f5c\u5de5\u4f5c\u5de5\u4f5c\u5de5\u4f5c\u5de5\u4f5c\u5de5\u4f5c\u5de5\u4f5c\u5de5\u4f5c\u5de5\u4f5c", "author": 1, "created_time": "2020-10-17T12:49:21.173Z", "last_updated_time": "2020-10-18T02:06:54.251Z"}}, {"model": "blog.blog", "pk": 4, "fields": {"title": "1-2.Django\u7684\u5b66\u4e60", "blog_type": 1, "content": ".Django\u7684\u5b66\u4e60.Django\u7684\u5b66\u4e60.Django\u7684\u5b66\u4e60.Django\u7684\u5b66\u4e60.Django\u7684\u5b66\u4e60.Django\u7684\u5b66\u4e60.Django\u7684\u5b66\u4e60.Django\u7684\u5b66\u4e60.Django\u7684\u5b66\u4e60.Django\u7684\u5b66\u4e60.Django\u7684\u5b66\u4e60.Django\u7684\u5b66\u4e60.Django\u7684\u5b66\u4e60", "author": 1, "created_time": "2020-10-17T12:49:55.665Z", "last_updated_time": "2020-10-18T02:07:02.507Z"}}, {"model": "blog.blog", "pk": 5, "fields": {"title": "2-2.java\u7684\u5b66\u4e60", "blog_type": 2, "content": ".java\u7684\u5b66\u4e60.java\u7684\u5b66\u4e60.java\u7684\u5b66\u4e60.java\u7684\u5b66\u4e60.java\u7684\u5b66\u4e60.java\u7684\u5b66\u4e60.java\u7684\u5b66\u4e60.java\u7684\u5b66\u4e60.java\u7684\u5b66\u4e60.java\u7684\u5b66\u4e60.java\u7684\u5b66\u4e60.java\u7684\u5b66\u4e60.java\u7684\u5b66\u4e60.java\u7684\u5b66\u4e60.java\u7684\u5b66\u4e60.java\u7684\u5b66\u4e60.java\u7684\u5b66\u4e60.java\u7684\u5b66\u4e60.java\u7684\u5b66\u4e60.java\u7684\u5b66\u4e60.java\u7684\u5b66\u4e60.java\u7684\u5b66\u4e60.java\u7684\u5b66\u4e60.java\u7684\u5b66\u4e60.java\u7684\u5b66\u4e60.java\u7684\u5b66\u4e60.java\u7684\u5b66\u4e60.java\u7684\u5b66\u4e60.java\u7684\u5b66\u4e60.java\u7684\u5b66\u4e60.java\u7684\u5b66\u4e60.java\u7684\u5b66\u4e60.java\u7684\u5b66\u4e60.java\u7684\u5b66\u4e60.java\u7684\u5b66\u4e60", "author": 1, "created_time": "2020-10-17T12:50:10.870Z", "last_updated_time": "2020-10-18T02:07:12.070Z"}}, {"model": "blog.blog", "pk": 6, "fields": {"title": "3-2.python\u7684\u5b66\u4e60", "blog_type": 3, "content": "3-2.python\u7684\u5b66\u4e603-2.python\u7684\u5b66\u4e603-2.python\u7684\u5b66\u4e603-2.python\u7684\u5b66\u4e603-2.python\u7684\u5b66\u4e603-2.python\u7684\u5b66\u4e60\u5b66\u4e603-2.python\u7684\u5b66\u4e603-2.python\u7684\u5b66\u4e603-2.python\u7684\u5b66\u4e603-2.python\u7684\u5b66\u4e603-2.pyth\u5b66\u4e603-2.python\u7684\u5b66\u4e603-2.python\u7684\u5b66\u4e603-2.python\u7684\u5b66\u4e603-2.python\u7684\u5b66\u4e603-2.pyth", "author": 1, "created_time": "2020-10-17T12:50:28.302Z", "last_updated_time": "2020-10-18T02:07:23.795Z"}}, {"model": "blog.blog", "pk": 7, "fields": {"title": "shell\u7684\u7b2c\u4e00\u7bc7", "blog_type": 1, "content": "xxxxxxxxxxxxx", "author": 1, "created_time": "2020-10-18T02:17:32.039Z", "last_updated_time": "2020-10-18T02:17:32.039Z"}}, {"model": "blog.blog", "pk": 8, "fields": {"title": "for 1", "blog_type": 1, "content": "xxxxx:1", "author": 1, "created_time": "2020-10-18T02:26:38.055Z", "last_updated_time": "2020-10-18T02:26:38.055Z"}}, {"model": "blog.blog", "pk": 9, "fields": {"title": "for 2", "blog_type": 1, "content": "xxxxx:2", "author": 1, "created_time": "2020-10-18T02:26:38.325Z", "last_updated_time": "2020-10-18T02:26:38.325Z"}}, {"model": "blog.blog", "pk": 10, "fields": {"title": "for 3", "blog_type": 1, "content": "xxxxx:3", "author": 1, "created_time": "2020-10-18T02:26:38.446Z", "last_updated_time": "2020-10-18T02:26:38.446Z"}}, {"model": "blog.blog", "pk": 11, "fields": {"title": "for 4", "blog_type": 1, "content": "xxxxx:4", "author": 1, "created_time": "2020-10-18T02:26:38.558Z", "last_updated_time": "2020-10-18T02:26:38.558Z"}}, {"model": "blog.blog", "pk": 12, "fields": {"title": "for 5", "blog_type": 1, "content": "xxxxx:5", "author": 1, "created_time": "2020-10-18T02:26:38.696Z", "last_updated_time": "2020-10-18T02:26:38.696Z"}}, {"model": "blog.blog", "pk": 13, "fields": {"title": "for 6", "blog_type": 1, "content": "xxxxx:6", "author": 1, "created_time": "2020-10-18T02:26:38.817Z", "last_updated_time": "2020-10-18T02:26:38.817Z"}}, {"model": "blog.blog", "pk": 14, "fields": {"title": "for 7", "blog_type": 1, "content": "xxxxx:7", "author": 1, "created_time": "2020-10-18T02:26:38.941Z", "last_updated_time": "2020-10-18T02:26:38.941Z"}}, {"model": "blog.blog", "pk": 15, "fields": {"title": "for 8", "blog_type": 1, "content": "xxxxx:8", "author": 1, "created_time": "2020-10-18T02:26:39.067Z", "last_updated_time": "2020-10-18T02:26:39.067Z"}}, {"model": "blog.blog", "pk": 16, "fields": {"title": "for 9", "blog_type": 1, "content": "xxxxx:9", "author": 1, "created_time": "2020-10-18T02:26:39.230Z", "last_updated_time": "2020-10-18T02:26:39.230Z"}}, {"model": "blog.blog", "pk": 17, "fields": {"title": "for 10", "blog_type": 1, "content": "xxxxx:10", "author": 1, "created_time": "2020-10-18T02:26:39.333Z", "last_updated_time": "2020-10-18T02:26:39.333Z"}}, {"model": "blog.blog", "pk": 18, "fields": {"title": "for 11", "blog_type": 1, "content": "xxxxx:11", "author": 1, "created_time": "2020-10-18T02:26:39.496Z", "last_updated_time": "2020-10-18T02:26:39.496Z"}}, {"model": "blog.blog", "pk": 19, "fields": {"title": "for 12", "blog_type": 1, "content": "xxxxx:12", "author": 1, "created_time": "2020-10-18T02:26:39.608Z", "last_updated_time": "2020-10-18T02:26:39.608Z"}}, {"model": "blog.blog", "pk": 20, "fields": {"title": "for 13", "blog_type": 1, "content": "xxxxx:13", "author": 1, "created_time": "2020-10-18T02:26:39.733Z", "last_updated_time": "2020-10-18T02:26:39.733Z"}}, {"model": "blog.blog", "pk": 21, "fields": {"title": "for 14", "blog_type": 1, "content": "xxxxx:14", "author": 1, "created_time": "2020-10-18T02:26:39.858Z", "last_updated_time": "2020-10-18T02:26:39.858Z"}}, {"model": "blog.blog", "pk": 22, "fields": {"title": "for 15", "blog_type": 1, "content": "xxxxx:15", "author": 1, "created_time": "2020-10-18T02:26:39.992Z", "last_updated_time": "2020-10-18T02:26:39.992Z"}}, {"model": "blog.blog", "pk": 23, "fields": {"title": "for 16", "blog_type": 1, "content": "xxxxx:16", "author": 1, "created_time": "2020-10-18T02:26:40.166Z", "last_updated_time": "2020-10-18T02:26:40.167Z"}}, {"model": "blog.blog", "pk": 24, "fields": {"title": "for 17", "blog_type": 1, "content": "xxxxx:17", "author": 1, "created_time": "2020-10-18T02:26:40.283Z", "last_updated_time": "2020-10-18T02:26:40.283Z"}}, {"model": "blog.blog", "pk": 25, "fields": {"title": "for 18", "blog_type": 1, "content": "xxxxx:18", "author": 1, "created_time": "2020-10-18T02:26:40.383Z", "last_updated_time": "2020-10-18T02:26:40.383Z"}}, {"model": "blog.blog", "pk": 26, "fields": {"title": "for 19", "blog_type": 1, "content": "xxxxx:19", "author": 1, "created_time": "2020-10-18T02:26:40.499Z", "last_updated_time": "2020-10-18T02:26:40.499Z"}}, {"model": "blog.blog", "pk": 27, "fields": {"title": "for 20", "blog_type": 1, "content": "xxxxx:20", "author": 1, "created_time": "2020-10-18T02:26:40.600Z", "last_updated_time": "2020-10-18T02:26:40.600Z"}}, {"model": "blog.blog", "pk": 28, "fields": {"title": "for 21", "blog_type": 1, "content": "xxxxx:21", "author": 1, "created_time": "2020-10-18T02:26:40.741Z", "last_updated_time": "2020-10-18T02:26:40.742Z"}}, {"model": "blog.blog", "pk": 29, "fields": {"title": "for 22", "blog_type": 1, "content": "xxxxx:22", "author": 1, "created_time": "2020-10-18T02:26:40.914Z", "last_updated_time": "2020-10-18T02:26:40.914Z"}}, {"model": "blog.blog", "pk": 30, "fields": {"title": "for 23", "blog_type": 1, "content": "xxxxx:23", "author": 1, "created_time": "2020-10-18T02:26:41.050Z", "last_updated_time": "2020-10-18T02:26:41.050Z"}}, {"model": "blog.blog", "pk": 31, "fields": {"title": "for 24", "blog_type": 1, "content": "xxxxx:24", "author": 1, "created_time": "2020-10-18T02:26:41.213Z", "last_updated_time": "2020-10-18T02:26:41.213Z"}}, {"model": "blog.blog", "pk": 32, "fields": {"title": "for 25", "blog_type": 1, "content": "xxxxx:25", "author": 1, "created_time": "2020-10-18T02:26:41.317Z", "last_updated_time": "2020-10-18T02:26:41.317Z"}}, {"model": "blog.blog", "pk": 33, "fields": {"title": "for 26", "blog_type": 1, "content": "xxxxx:26", "author": 1, "created_time": "2020-10-18T02:26:41.408Z", "last_updated_time": "2020-10-18T02:26:41.408Z"}}, {"model": "blog.blog", "pk": 34, "fields": {"title": "for 27", "blog_type": 1, "content": "xxxxx:27", "author": 1, "created_time": "2020-10-18T02:26:41.508Z", "last_updated_time": "2020-10-18T02:26:41.508Z"}}, {"model": "blog.blog", "pk": 35, "fields": {"title": "for 28", "blog_type": 1, "content": "xxxxx:28", "author": 1, "created_time": "2020-10-18T02:26:41.675Z", "last_updated_time": "2020-10-18T02:26:41.675Z"}}, {"model": "blog.blog", "pk": 36, "fields": {"title": "for 29", "blog_type": 1, "content": "xxxxx:29", "author": 1, "created_time": "2020-10-18T02:26:41.850Z", "last_updated_time": "2020-10-18T02:26:41.850Z"}}, {"model": "blog.blog", "pk": 37, "fields": {"title": "for 30", "blog_type": 1, "content": "xxxxx:30", "author": 1, "created_time": "2020-10-18T02:26:42.025Z", "last_updated_time": "2020-10-18T02:26:42.025Z"}}, {"model": "comment.comment", "pk": 1, "fields": {"content_type": 7, "object_id": 1, "text": "\u771f\u4e0d\u9519", "comment_time": "2020-10-20T14:24:28.122Z", "user": 1, "root": null, "parent": null, "reply_to": null}}, {"model": "comment.comment", "pk": 2, "fields": {"content_type": 7, "object_id": 1, "text": "\u6211\u7684", "comment_time": "2020-10-21T00:03:27.573Z", "user": 1, "root": null, "parent": null, "reply_to": null}}, {"model": "comment.comment", "pk": 3, "fields": {"content_type": 7, "object_id": 1, "text": "\u9488\u4e0d\u6233", "comment_time": "2020-10-21T04:18:02.294Z", "user": 1, "root": null, "parent": null, "reply_to": null}}, {"model": "comment.comment", "pk": 4, "fields": {"content_type": 7, "object_id": 1, "text": "\u4e3a\u4ec0\u4e48\u65f6\u95f4\u5dee\u4e868\u4e2a\u5c0f\u65f6", "comment_time": "2020-10-21T04:19:39.891Z", "user": 1, "root": null, "parent": null, "reply_to": null}}, {"model": "comment.comment", "pk": 5, "fields": {"content_type": 7, "object_id": 1, "text": "\u9488\u5bf9\u8bc4\u8bba\u6570\u636e\u4e3a\u7a7a\u7684\u60c5\u51b5\uff0c\u8981\u4ece\u6e90\u5934\u505a\u597d\u65b9\u6cd5", "comment_time": "2020-10-21T04:21:02.715Z", "user": 1, "root": null, "parent": null, "reply_to": null}}, {"model": "comment.comment", "pk": 10, "fields": {"content_type": 7, "object_id": 1, "text": "<p>\u6211\u611b\u7684\u4f60</p>", "comment_time": "2020-10-22T04:02:19.496Z", "user": 1, "root": null, "parent": null, "reply_to": null}}, {"model": "comment.comment", "pk": 11, "fields": {"content_type": 7, "object_id": 7, "text": "<p><img alt=\"mail\" height=\"23\" src=\"http://127.0.0.1:8000/static/ckeditor/ckeditor/plugins/smiley/images/envelope.png\" title=\"mail\" width=\"23\" /></p>", "comment_time": "2020-10-22T04:05:24.468Z", "user": 1, "root": null, "parent": null, "reply_to": null}}, {"model": "comment.comment", "pk": 12, "fields": {"content_type": 7, "object_id": 2, "text": "<p>\u6211\u7684</p>", "comment_time": "2020-10-22T04:07:14.004Z", "user": 1, "root": null, "parent": null, "reply_to": null}}, {"model": "comment.comment", "pk": 14, "fields": {"content_type": 7, "object_id": 1, "text": "<p><img alt=\"frown\" height=\"23\" src=\"http://127.0.0.1:8000/static/ckeditor/ckeditor/plugins/smiley/images/confused_smile.png\" title=\"frown\" width=\"23\" /></p>", "comment_time": "2020-10-22T04:18:42.853Z", "user": 1, "root": null, "parent": null, "reply_to": null}}, {"model": "comment.comment", "pk": 15, "fields": {"content_type": 7, "object_id": 7, "text": "<p><img alt=\"devil\" height=\"23\" src=\"http://127.0.0.1:8000/static/ckeditor/ckeditor/plugins/smiley/images/devil_smile.png\" title=\"devil\" width=\"23\" /></p>", "comment_time": "2020-10-22T04:18:58.802Z", "user": 1, "root": null, "parent": null, "reply_to": null}}, {"model": "comment.comment", "pk": 16, "fields": {"content_type": 7, "object_id": 2, "text": "<p><img alt=\"crying\" height=\"23\" src=\"http://127.0.0.1:8000/static/ckeditor/ckeditor/plugins/smiley/images/cry_smile.png\" title=\"crying\" width=\"23\" /></p>", "comment_time": "2020-10-22T04:19:08.854Z", "user": 1, "root": null, "parent": null, "reply_to": null}}, {"model": "comment.comment", "pk": 17, "fields": {"content_type": 7, "object_id": 2, "text": "<p><img alt=\"devil\" height=\"23\" src=\"http://127.0.0.1:8000/static/ckeditor/ckeditor/plugins/smiley/images/devil_smile.png\" title=\"devil\" width=\"23\" /></p>", "comment_time": "2020-10-22T04:19:11.922Z", "user": 1, "root": null, "parent": null, "reply_to": null}}, {"model": "comment.comment", "pk": 18, "fields": {"content_type": 7, "object_id": 1, "text": "\u6211\u771f\u7684\u5f88\u4e0d\u932f", "comment_time": "2020-10-22T12:46:07.958Z", "user": 1, "root": 3, "parent": 3, "reply_to": 1}}, {"model": "comment.comment", "pk": 19, "fields": {"content_type": 7, "object_id": 1, "text": "<p><img alt=\"cool\" height=\"23\" src=\"http://127.0.0.1:8000/static/ckeditor/ckeditor/plugins/smiley/images/shades_smile.png\" title=\"cool\" width=\"23\" /></p>", "comment_time": "2020-10-22T13:49:42.268Z", "user": 1, "root": 14, "parent": 14, "reply_to": 1}}, {"model": "comment.comment", "pk": 20, "fields": {"content_type": 7, "object_id": 1, "text": "<p><img alt=\"crying\" height=\"23\" src=\"http://127.0.0.1:8000/static/ckeditor/ckeditor/plugins/smiley/images/cry_smile.png\" title=\"crying\" width=\"23\" /></p>", "comment_time": "2020-10-22T13:49:49.896Z", "user": 1, "root": 14, "parent": 14, "reply_to": 1}}, {"model": "comment.comment", "pk": 21, "fields": {"content_type": 7, "object_id": 1, "text": "<p>&reg;</p>", "comment_time": "2020-10-22T13:49:58.409Z", "user": 1, "root": 14, "parent": 20, "reply_to": 1}}, {"model": "comment.comment", "pk": 22, "fields": {"content_type": 7, "object_id": 1, "text": "<p>shide&nbsp;</p>", "comment_time": "2020-10-22T16:41:07.665Z", "user": 1, "root": null, "parent": null, "reply_to": null}}, {"model": "comment.comment", "pk": 23, "fields": {"content_type": 7, "object_id": 1, "text": "<p>let&#39;s go</p>", "comment_time": "2020-10-22T16:41:19.736Z", "user": 1, "root": null, "parent": null, "reply_to": null}}, {"model": "comment.comment", "pk": 24, "fields": {"content_type": 7, "object_id": 1, "text": "<p>\u771f\u4e0d\u932f</p>", "comment_time": "2020-10-22T16:41:34.322Z", "user": 1, "root": null, "parent": null, "reply_to": null}}, {"model": "comment.comment", "pk": 25, "fields": {"content_type": 7, "object_id": 1, "text": "<p>\u4f60\u53ef\u771f\u4e0d\u6233</p>", "comment_time": "2020-10-22T16:42:00.170Z", "user": 1, "root": 24, "parent": 24, "reply_to": 1}}, {"model": "comment.comment", "pk": 55, "fields": {"content_type": 7, "object_id": 1, "text": "<p>555~~</p>", "comment_time": "2020-10-23T13:56:34.916Z", "user": 1, "root": null, "parent": null, "reply_to": null}}, {"model": "comment.comment", "pk": 56, "fields": {"content_type": 7, "object_id": 1, "text": "<p>\u6211\u7684</p>", "comment_time": "2020-10-24T06:35:15.235Z", "user": 1, "root": null, "parent": null, "reply_to": null}}, {"model": "comment.comment", "pk": 57, "fields": {"content_type": 7, "object_id": 7, "text": "<p>\u4f60\u771f\u5f3a \u554a</p>", "comment_time": "2020-10-25T00:54:52.160Z", "user": 1, "root": null, "parent": null, "reply_to": null}}, {"model": "comment.comment", "pk": 58, "fields": {"content_type": 7, "object_id": 4, "text": "<p>\u4f60\u771f\u7248g</p>", "comment_time": "2020-10-25T06:42:03.931Z", "user": 1, "root": null, "parent": null, "reply_to": null}}, {"model": "comment.comment", "pk": 59, "fields": {"content_type": 7, "object_id": 4, "text": "<p><img alt=\"angry\" height=\"23\" src=\"http://127.0.0.1:8000/static/ckeditor/ckeditor/plugins/smiley/images/angry_smile.png\" title=\"angry\" width=\"23\" /></p>", "comment_time": "2020-10-25T06:42:09.393Z", "user": 1, "root": 58, "parent": 58, "reply_to": 1}}, {"model": "user.profile", "pk": 1, "fields": {"user": 1, "nickname": "\u6211\u7684\u7f51\u7ad9"}}, {"model": "admin.logentry", "pk": 1, "fields": {"action_time": "2020-10-17T07:47:26.687Z", "user": 1, "content_type": 8, "object_id": "1", "object_repr": "Django", "action_flag": 1, "change_message": "[{\"added\": {}}]"}}, {"model": "admin.logentry", "pk": 2, "fields": {"action_time": "2020-10-17T07:47:37.921Z", "user": 1, "content_type": 8, "object_id": "2", "object_repr": "Java", "action_flag": 1, "change_message": "[{\"added\": {}}]"}}, {"model": "admin.logentry", "pk": 3, "fields": {"action_time": "2020-10-17T07:47:47.199Z", "user": 1, "content_type": 8, "object_id": "3", "object_repr": "Python", "action_flag": 1, "change_message": "[{\"added\": {}}]"}}, {"model": "admin.logentry", "pk": 4, "fields": {"action_time": "2020-10-17T07:48:08.958Z", "user": 1, "content_type": 7, "object_id": "1", "object_repr": "<Blog: \u5b66\u4e60\u65e5\u5fd7>", "action_flag": 1, "change_message": "[{\"added\": {}}]"}}, {"model": "admin.logentry", "pk": 5, "fields": {"action_time": "2020-10-17T12:49:03.215Z", "user": 1, "content_type": 7, "object_id": "2", "object_repr": "<Blog: 2.\u751f\u6d3b\u7b14\u8bb0>", "action_flag": 1, "change_message": "[{\"added\": {}}]"}}, {"model": "admin.logentry", "pk": 6, "fields": {"action_time": "2020-10-17T12:49:21.175Z", "user": 1, "content_type": 7, "object_id": "3", "object_repr": "<Blog: 3.\u5de5\u4f5c\u65e5\u5fd7>", "action_flag": 1, "change_message": "[{\"added\": {}}]"}}, {"model": "admin.logentry", "pk": 7, "fields": {"action_time": "2020-10-17T12:49:27.091Z", "user": 1, "content_type": 7, "object_id": "1", "object_repr": "<Blog: 1.\u5b66\u4e60\u65e5\u5fd7>", "action_flag": 2, "change_message": "[{\"changed\": {\"fields\": [\"title\"]}}]"}}, {"model": "admin.logentry", "pk": 8, "fields": {"action_time": "2020-10-17T12:49:55.667Z", "user": 1, "content_type": 7, "object_id": "4", "object_repr": "<Blog: 1-2.Django\u7684\u5b66\u4e60>", "action_flag": 1, "change_message": "[{\"added\": {}}]"}}, {"model": "admin.logentry", "pk": 9, "fields": {"action_time": "2020-10-17T12:50:10.873Z", "user": 1, "content_type": 7, "object_id": "5", "object_repr": "<Blog: 2-1.java\u7684\u5b66\u4e60>", "action_flag": 1, "change_message": "[{\"added\": {}}]"}}, {"model": "admin.logentry", "pk": 10, "fields": {"action_time": "2020-10-17T12:50:28.304Z", "user": 1, "content_type": 7, "object_id": "6", "object_repr": "<Blog: 3-2.python\u7684\u5b66\u4e60>", "action_flag": 1, "change_message": "[{\"added\": {}}]"}}, {"model": "admin.logentry", "pk": 11, "fields": {"action_time": "2020-10-17T12:50:33.954Z", "user": 1, "content_type": 7, "object_id": "5", "object_repr": "<Blog: 2-2.java\u7684\u5b66\u4e60>", "action_flag": 2, "change_message": "[{\"changed\": {\"fields\": [\"title\"]}}]"}}, {"model": "admin.logentry", "pk": 12, "fields": {"action_time": "2020-10-18T02:06:07.666Z", "user": 1, "content_type": 7, "object_id": "1", "object_repr": "<Blog: Dj\u5b66\u4e60\u65e5\u5fd7>", "action_flag": 2, "change_message": "[{\"changed\": {\"fields\": [\"title\", \"content\"]}}]"}}, {"model": "admin.logentry", "pk": 13, "fields": {"action_time": "2020-10-18T02:06:32.762Z", "user": 1, "content_type": 7, "object_id": "2", "object_repr": "<Blog: 2.\u751f\u6d3b\u7b14\u8bb0>", "action_flag": 2, "change_message": "[{\"changed\": {\"fields\": [\"content\"]}}]"}}, {"model": "admin.logentry", "pk": 14, "fields": {"action_time": "2020-10-18T02:06:54.253Z", "user": 1, "content_type": 7, "object_id": "3", "object_repr": "<Blog: 3.\u5de5\u4f5c\u65e5\u5fd7>", "action_flag": 2, "change_message": "[{\"changed\": {\"fields\": [\"content\"]}}]"}}, {"model": "admin.logentry", "pk": 15, "fields": {"action_time": "2020-10-18T02:07:02.509Z", "user": 1, "content_type": 7, "object_id": "4", "object_repr": "<Blog: 1-2.Django\u7684\u5b66\u4e60>", "action_flag": 2, "change_message": "[{\"changed\": {\"fields\": [\"content\"]}}]"}}, {"model": "admin.logentry", "pk": 16, "fields": {"action_time": "2020-10-18T02:07:12.072Z", "user": 1, "content_type": 7, "object_id": "5", "object_repr": "<Blog: 2-2.java\u7684\u5b66\u4e60>", "action_flag": 2, "change_message": "[{\"changed\": {\"fields\": [\"content\"]}}]"}}, {"model": "admin.logentry", "pk": 17, "fields": {"action_time": "2020-10-18T02:07:23.797Z", "user": 1, "content_type": 7, "object_id": "6", "object_repr": "<Blog: 3-2.python\u7684\u5b66\u4e60>", "action_flag": 2, "change_message": "[{\"changed\": {\"fields\": [\"content\"]}}]"}}, {"model": "admin.logentry", "pk": 18, "fields": {"action_time": "2020-10-19T04:43:09.698Z", "user": 1, "content_type": 7, "object_id": "1", "object_repr": "<Blog: Dj\u5b66\u4e60\u65e5\u5fd7>", "action_flag": 2, "change_message": "[{\"changed\": {\"fields\": [\"content\"]}}]"}}, {"model": "admin.logentry", "pk": 19, "fields": {"action_time": "2020-10-19T04:43:42.157Z", "user": 1, "content_type": 7, "object_id": "1", "object_repr": "<Blog: Dj\u5b66\u4e60\u65e5\u5fd7>", "action_flag": 2, "change_message": "[{\"changed\": {\"fields\": [\"content\"]}}]"}}, {"model": "admin.logentry", "pk": 20, "fields": {"action_time": "2020-10-19T05:05:08.098Z", "user": 1, "content_type": 7, "object_id": "1", "object_repr": "<Blog: Dj\u5b66\u4e60\u65e5\u5fd7>", "action_flag": 2, "change_message": "[{\"changed\": {\"fields\": [\"content\"]}}]"}}, {"model": "admin.logentry", "pk": 21, "fields": {"action_time": "2020-10-19T12:54:28.310Z", "user": 1, "content_type": 9, "object_id": "1", "object_repr": "ReadNum object (1)", "action_flag": 1, "change_message": "[{\"added\": {}}]"}}, {"model": "admin.logentry", "pk": 22, "fields": {"action_time": "2020-10-19T13:46:47.973Z", "user": 1, "content_type": 10, "object_id": "1", "object_repr": "ReadNum object (1)", "action_flag": 1, "change_message": "[{\"added\": {}}]"}}, {"model": "admin.logentry", "pk": 23, "fields": {"action_time": "2020-10-19T23:09:00.969Z", "user": 1, "content_type": 11, "object_id": "1", "object_repr": "ReadDetail object (1)", "action_flag": 1, "change_message": "[{\"added\": {}}]"}}, {"model": "admin.logentry", "pk": 24, "fields": {"action_time": "2020-10-20T14:24:28.124Z", "user": 1, "content_type": 12, "object_id": "1", "object_repr": "Comment object (1)", "action_flag": 1, "change_message": "[{\"added\": {}}]"}}, {"model": "admin.logentry", "pk": 25, "fields": {"action_time": "2020-10-22T12:46:07.960Z", "user": 1, "content_type": 12, "object_id": "18", "object_repr": "\u6211\u771f\u7684\u5f88\u4e0d\u932f", "action_flag": 1, "change_message": "[{\"added\": {}}]"}}, {"model": "admin.logentry", "pk": 26, "fields": {"action_time": "2020-10-22T16:35:15.904Z", "user": 1, "content_type": 12, "object_id": "13", "object_repr": "<p>1</p>", "action_flag": 3, "change_message": ""}}, {"model": "admin.logentry", "pk": 27, "fields": {"action_time": "2020-10-22T16:35:16.035Z", "user": 1, "content_type": 12, "object_id": "9", "object_repr": "<p>12</p>", "action_flag": 3, "change_message": ""}}, {"model": "admin.logentry", "pk": 28, "fields": {"action_time": "2020-10-22T16:35:16.164Z", "user": 1, "content_type": 12, "object_id": "8", "object_repr": "<p>111</p>", "action_flag": 3, "change_message": ""}}, {"model": "admin.logentry", "pk": 29, "fields": {"action_time": "2020-10-22T16:35:49.237Z", "user": 1, "content_type": 12, "object_id": "7", "object_repr": "\u6211\u61c2\u4e86", "action_flag": 3, "change_message": ""}}, {"model": "admin.logentry", "pk": 30, "fields": {"action_time": "2020-10-22T16:35:49.410Z", "user": 1, "content_type": 12, "object_id": "6", "object_repr": "\u6211\u61c2\u4e86", "action_flag": 3, "change_message": ""}}, {"model": "admin.logentry", "pk": 31, "fields": {"action_time": "2020-10-23T13:41:03.706Z", "user": 1, "content_type": 12, "object_id": "54", "object_repr": "<p>45343</p>", "action_flag": 3, "change_message": ""}}, {"model": "admin.logentry", "pk": 32, "fields": {"action_time": "2020-10-23T13:41:03.877Z", "user": 1, "content_type": 12, "object_id": "53", "object_repr": "<p>55555</p>", "action_flag": 3, "change_message": ""}}, {"model": "admin.logentry", "pk": 33, "fields": {"action_time": "2020-10-23T13:41:04.039Z", "user": 1, "content_type": 12, "object_id": "52", "object_repr": "<p>453</p>", "action_flag": 3, "change_message": ""}}, {"model": "admin.logentry", "pk": 34, "fields": {"action_time": "2020-10-23T13:41:04.182Z", "user": 1, "content_type": 12, "object_id": "51", "object_repr": "<p>45235</p>", "action_flag": 3, "change_message": ""}}, {"model": "admin.logentry", "pk": 35, "fields": {"action_time": "2020-10-23T13:41:04.298Z", "user": 1, "content_type": 12, "object_id": "50", "object_repr": "<p>45</p>", "action_flag": 3, "change_message": ""}}, {"model": "admin.logentry", "pk": 36, "fields": {"action_time": "2020-10-23T13:41:04.457Z", "user": 1, "content_type": 12, "object_id": "49", "object_repr": "<p>555</p>", "action_flag": 3, "change_message": ""}}, {"model": "admin.logentry", "pk": 37, "fields": {"action_time": "2020-10-23T13:41:04.556Z", "user": 1, "content_type": 12, "object_id": "48", "object_repr": "<p>999</p>", "action_flag": 3, "change_message": ""}}, {"model": "admin.logentry", "pk": 38, "fields": {"action_time": "2020-10-23T13:41:04.677Z", "user": 1, "content_type": 12, "object_id": "47", "object_repr": "<p>453</p>", "action_flag": 3, "change_message": ""}}, {"model": "admin.logentry", "pk": 39, "fields": {"action_time": "2020-10-23T13:41:04.790Z", "user": 1, "content_type": 12, "object_id": "46", "object_repr": "<p>43</p>", "action_flag": 3, "change_message": ""}}, {"model": "admin.logentry", "pk": 40, "fields": {"action_time": "2020-10-23T13:41:04.903Z", "user": 1, "content_type": 12, "object_id": "45", "object_repr": "<p>453</p>", "action_flag": 3, "change_message": ""}}, {"model": "admin.logentry", "pk": 41, "fields": {"action_time": "2020-10-23T13:41:05.015Z", "user": 1, "content_type": 12, "object_id": "44", "object_repr": "<p>qwe</p>", "action_flag": 3, "change_message": ""}}, {"model": "admin.logentry", "pk": 42, "fields": {"action_time": "2020-10-23T13:41:05.123Z", "user": 1, "content_type": 12, "object_id": "43", "object_repr": "<p>453</p>", "action_flag": 3, "change_message": ""}}, {"model": "admin.logentry", "pk": 43, "fields": {"action_time": "2020-10-23T13:41:05.232Z", "user": 1, "content_type": 12, "object_id": "42", "object_repr": "<p>452</p>", "action_flag": 3, "change_message": ""}}, {"model": "admin.logentry", "pk": 44, "fields": {"action_time": "2020-10-23T13:41:05.390Z", "user": 1, "content_type": 12, "object_id": "41", "object_repr": "<p>453</p>", "action_flag": 3, "change_message": ""}}, {"model": "admin.logentry", "pk": 45, "fields": {"action_time": "2020-10-23T13:41:05.502Z", "user": 1, "content_type": 12, "object_id": "40", "object_repr": "<p>875373</p>", "action_flag": 3, "change_message": ""}}, {"model": "admin.logentry", "pk": 46, "fields": {"action_time": "2020-10-23T13:41:05.607Z", "user": 1, "content_type": 12, "object_id": "39", "object_repr": "<p>111</p>", "action_flag": 3, "change_message": ""}}, {"model": "admin.logentry", "pk": 47, "fields": {"action_time": "2020-10-23T13:41:05.769Z", "user": 1, "content_type": 12, "object_id": "38", "object_repr": "<p>2322</p>", "action_flag": 3, "change_message": ""}}, {"model": "admin.logentry", "pk": 48, "fields": {"action_time": "2020-10-23T13:41:05.919Z", "user": 1, "content_type": 12, "object_id": "37", "object_repr": "<p>8888</p>", "action_flag": 3, "change_message": ""}}, {"model": "admin.logentry", "pk": 49, "fields": {"action_time": "2020-10-23T13:41:06.015Z", "user": 1, "content_type": 12, "object_id": "36", "object_repr": "<p>8888</p>", "action_flag": 3, "change_message": ""}}, {"model": "admin.logentry", "pk": 50, "fields": {"action_time": "2020-10-23T13:41:06.115Z", "user": 1, "content_type": 12, "object_id": "35", "object_repr": "<p>4</p>", "action_flag": 3, "change_message": ""}}, {"model": "admin.logentry", "pk": 51, "fields": {"action_time": "2020-10-23T13:41:06.265Z", "user": 1, "content_type": 12, "object_id": "34", "object_repr": "<p>4</p>", "action_flag": 3, "change_message": ""}}, {"model": "admin.logentry", "pk": 52, "fields": {"action_time": "2020-10-23T13:41:06.352Z", "user": 1, "content_type": 12, "object_id": "33", "object_repr": "<p>4</p>", "action_flag": 3, "change_message": ""}}, {"model": "admin.logentry", "pk": 53, "fields": {"action_time": "2020-10-23T13:41:06.506Z", "user": 1, "content_type": 12, "object_id": "32", "object_repr": "<p>4</p>", "action_flag": 3, "change_message": ""}}, {"model": "admin.logentry", "pk": 54, "fields": {"action_time": "2020-10-23T13:41:06.602Z", "user": 1, "content_type": 12, "object_id": "31", "object_repr": "<p>4</p>", "action_flag": 3, "change_message": ""}}, {"model": "admin.logentry", "pk": 55, "fields": {"action_time": "2020-10-23T13:41:06.714Z", "user": 1, "content_type": 12, "object_id": "30", "object_repr": "<p>1</p>", "action_flag": 3, "change_message": ""}}, {"model": "admin.logentry", "pk": 56, "fields": {"action_time": "2020-10-23T13:41:06.844Z", "user": 1, "content_type": 12, "object_id": "29", "object_repr": "<p>55</p>", "action_flag": 3, "change_message": ""}}, {"model": "admin.logentry", "pk": 57, "fields": {"action_time": "2020-10-23T13:41:06.977Z", "user": 1, "content_type": 12, "object_id": "28", "object_repr": "<p>22</p>", "action_flag": 3, "change_message": ""}}, {"model": "admin.logentry", "pk": 58, "fields": {"action_time": "2020-10-23T13:41:07.182Z", "user": 1, "content_type": 12, "object_id": "27", "object_repr": "<p>123</p>", "action_flag": 3, "change_message": ""}}, {"model": "admin.logentry", "pk": 59, "fields": {"action_time": "2020-10-23T13:41:07.318Z", "user": 1, "content_type": 12, "object_id": "26", "object_repr": "<p>16</p>", "action_flag": 3, "change_message": ""}}, {"model": "admin.logentry", "pk": 60, "fields": {"action_time": "2020-10-23T14:28:03.166Z", "user": 1, "content_type": 7, "object_id": "1", "object_repr": "<Blog: Dj\u5b66\u4e60\u65e5\u5fd7>", "action_flag": 2, "change_message": "[{\"changed\": {\"fields\": [\"content\"]}}]"}}, {"model": "admin.logentry", "pk": 61, "fields": {"action_time": "2020-10-23T14:28:28.980Z", "user": 1, "content_type": 7, "object_id": "1", "object_repr": "<Blog: Dj\u5b66\u4e60\u65e5\u5fd7>", "action_flag": 2, "change_message": "[{\"changed\": {\"fields\": [\"content\"]}}]"}}, {"model": "admin.logentry", "pk": 62, "fields": {"action_time": "2020-10-24T03:22:21.712Z", "user": 1, "content_type": 7, "object_id": "1", "object_repr": "<Blog: Dj\u5b66\u4e60\u65e5\u5fd7>", "action_flag": 2, "change_message": "[{\"changed\": {\"fields\": [\"content\"]}}]"}}, {"model": "admin.logentry", "pk": 63, "fields": {"action_time": "2020-10-24T04:27:22.467Z", "user": 1, "content_type": 13, "object_id": "1", "object_repr": "<Profile: \u7a33\u5065 for wenjian>", "action_flag": 1, "change_message": "[{\"added\": {}}]"}}, {"model": "admin.logentry", "pk": 64, "fields": {"action_time": "2020-10-24T07:38:38.563Z", "user": 1, "content_type": 4, "object_id": "2", "object_repr": "wuyue", "action_flag": 2, "change_message": "[{\"changed\": {\"fields\": [\"email\", \"last_login\"]}}]"}}, {"model": "admin.logentry", "pk": 65, "fields": {"action_time": "2020-10-25T06:41:16.649Z", "user": 1, "content_type": 7, "object_id": "1", "object_repr": "<Blog: Dj\u5b66\u4e60\u65e5\u5fd7>", "action_flag": 2, "change_message": "[{\"changed\": {\"fields\": [\"content\"]}}]"}}]